{"level":0,"score":1000,"shotCount":0,"paused":false,"dogActors":[{"State":0,"Frame":1.0,"animation_duration":0.0,"xPos":370.83495712280273,"yPos":250.83219003677368},{"State":0,"Frame":1.0,"animation_duration":0.0,"xPos":372.0600817799568,"yPos":250.83430016040802}],"duckActors":[{"State":2,"FlyingDirection":1,"score":500,"Frame":2.533348798751831,"animation_duration":2.9833531,"xPos":533.8340740799904,"yPos":259.1659259200096},{"State":2,"FlyingDirection":1,"score":500,"Frame":0.9333511888980865,"animation_duration":0.0,"xPos":539.4998744130135,"yPos":242.50012558698654},{"State":1,"FlyingDirection":0,"score":500,"Frame":2.13335520029068,"animation_duration":1.9666276,"xPos":48.83315968513489,"yPos":207.49988985061646}]}